test_id_a,test_id_b,pearson_r
pts/rodinia-1.3.2,pts/x265-1.5.0,-0.990387
pts/rodinia-1.3.2,pts/sysbench-1.1.0,-0.963375
pts/namd-1.4.0,pts/stockfish-1.7.0,0.964527
pts/kvazaar-1.2.0,pts/asmfish-1.1.2,-0.920192
pts/kvazaar-1.2.0,pts/ctx-clock-1.0.0,0.973105
pts/x264-2.7.0,pts/asmfish-1.1.2,0.983349
pts/x264-2.7.0,pts/openssl-3.6.0,-0.981075
pts/x265-1.5.0,pts/sysbench-1.1.0,0.989760
pts/asmfish-1.1.2,pts/openssl-3.6.0,-0.932976
pts/asmfish-1.1.2,pts/ctx-clock-1.0.0,-0.909053
pts/build-linux-kernel-1.17.1,pts/povray-1.2.1,0.989650
